{
  "code":0,
  "type":"fiveRange",
  "innerPercent":"50%",
  "externalPercent":"50%",
  "data":[
    {
      "sale":"卖5",
      "price":125.12,
      "entrust":3134
    },
    {
      "sale":"卖5",
      "price":125.12,
      "entrust":3134
    },
    {
      "sale":"卖5",
      "price":125.12,
      "entrust":3134
    },
    {
      "sale":"卖5",
      "price":125.12,
      "entrust":3134
    },
    {
      "sale":"卖5",
      "price":125.12,
      "entrust":3134
    },
    {
      "sale":"卖5",
      "price":125.12,
      "entrust":3134
    },
    {
      "sale":"卖5",
      "price":125.12,
      "entrust":3134
    },
    {
      "sale":"卖5",
      "price":125.12,
      "entrust":3134
    },
    {
      "sale":"卖5",
      "price":125.12,
      "entrust":3134
    },
    {
      "sale":"卖5",
      "price":125.12,
      "entrust":3134
    },
    {
      "sale":"卖5",
      "price":125.12,
      "entrust":3134
    }
  ]
}