{
  "code":0,
  "type":"detail",
  "data":[
    {
      "time":"13:49:14",
      "closingPrice":125.12,
      "turnover":3134
    },
    {
      "time":"13:49:14",
      "closingPrice":125.12,
      "turnover":3134
    },
    {
      "time":"13:49:14",
      "closingPrice":125.12,
      "turnover":3134
    },
    {
      "time":"13:49:14",
      "closingPrice":125.12,
      "turnover":3134
    },
    {
      "time":"13:49:14",
      "closingPrice":125.12,
      "turnover":3134
    },
    {
      "time":"13:49:14",
      "closingPrice":125.12,
      "turnover":3134
    },
    {
      "time":"13:49:14",
      "closingPrice":125.12,
      "turnover":3134
    },
    {
      "time":"13:49:14",
      "closingPrice":125.12,
      "turnover":3134
    },
    {
      "time":"13:49:14",
      "closingPrice":125.12,
      "turnover":3134
    },
    {
      "time":"13:49:14",
      "closingPrice":125.12,
      "turnover":3134
    },
    {
      "time":"13:49:14",
      "closingPrice":125.12,
      "turnover":3134
    }
  ]
}