{
  "code":0,
  "type":"minutePrice",
  "data":[
    {
      "price":125.12,
      "entrust":3134,
      "proportion":"1.52%"
    },
    {
      "price":125.12,
      "entrust":3134,
      "proportion":"1.52%"
    },
    {
      "price":125.12,
      "entrust":3134,
      "proportion":"1.52%"
    },
    {
      "price":125.12,
      "entrust":3134,
      "proportion":"1.52%"
    },
    {
      "price":125.12,
      "entrust":3134,
      "proportion":"1.52%"
    },
    {
      "price":125.12,
      "entrust":3134,
      "proportion":"1.52%"
    },
    {
      "price":125.12,
      "entrust":3134,
      "proportion":"1.52%"
    },
    {
      "price":125.12,
      "entrust":3134,
      "proportion":"1.52%"
    },
    {
      "price":125.12,
      "entrust":3134,
      "proportion":"1.52%"
    },
    {
      "price":125.12,
      "entrust":3134,
      "proportion":"1.52%"
    }
  ]
}