{
  "code":0,
  "pageIndex":0,
  "monthBefore":9,
  "data":[
    {
      "title":"2017年第一季报一次变更日",
      "time":"2017-04-27"
    },
    {
      "title":"2017年第一季报一次变更日",
      "time":"2017-04-27"
    },
    {
      "title":"2017年第一季报一次变更日",
      "time":"2017-04-27"
    },
    {
      "title":"2017年第一季报一次变更日",
      "time":"2017-04-27"
    },
    {
      "title":"2017年第一季报一次变更日",
      "time":"2017-04-27"
    }
  ]
}