{
  "code":0,
  "data":[
    {
      "question":{
        "name":"wolfDream",
        "img":"../../../common/img/pic.gif",
        "text":"My name is wolf. Who are you. Can i help you.your life so bad.I am an expert in life.",
        "day":"昨天",
        "time":"11:24",
        "from":"come from website"
      },
      "answer":{
        "name":"wolfDream",
        "img":"../../../common/img/pic.gif",
        "text":"My name is wolf. Who are you. Can i help you.your life so bad.I am an expert in life.",
        "day":"昨天",
        "time":"11:24",
        "from":"come from website"
      }
    },
    {
      "question":{
        "name":"wolfDream",
        "img":"../../../common/img/pic.gif",
        "text":"My name is wolf. Who are you. Can i help you.your life so bad.I am an expert in life.",
        "day":"昨天",
        "time":"11:24",
        "from":"come from website"
      },
      "answer":{
        "name":"wolfDream",
        "img":"../../../common/img/pic.gif",
        "text":"My name is wolf. Who are you. Can i help you.your life so bad.I am an expert in life.",
        "day":"昨天",
        "time":"11:24",
        "from":"come from website"
      }
    }
  ]
}