{
  "code":0,
  "data":[
    {
      "title":"公告公告公告公告公告公告公告公告公告公告公告公告公告公告公告公告公告公告公告公告公告1",
      "type":"PDF",
      "size":"1MB",
      "readNum":15,
      "time":"2017-04-13"
    },
    {
      "title":"公告公告公告公告公告公告公告公告公告公告公告公告公告公告公告公告公告公告公告公告公告2",
      "type":"PDF",
      "size":"1MB",
      "readNum":15,
      "time":"2017-04-13"
    },
    {
      "title":"公告公告公告公告公告公告公告公告公告公告公告公告公告公告公告公告公告公告公告公告公告3",
      "type":"PDF",
      "size":"1MB",
      "readNum":15,
      "time":"2017-04-13"
    }
  ]
}