{
  "code":0,
  "data":[
    {
      "tradingDay":"2018/64/32",
      "data":[
        {
          "money":"19.2",
          "sale":"3123",
          "buy":"20.12",
          "saleCompany":["平安证券有限责任公司","不知道是啥公司"],
          "buyCompany":["平安证券有限责任公司","不知道是啥公司"]
        },
        {
          "money":"19.2",
          "sale":"3123",
          "buy":"20.12",
          "saleCompany":["平安证券有限责任公司","不知道是啥公司"],
          "buyCompany":["平安证券有限责任公司","不知道是啥公司"]
        },
        {
          "money":"19.2",
          "sale":"3123",
          "buy":"20.12",
          "saleCompany":["平安证券有限责任公司","不知道是啥公司"],
          "buyCompany":["平安证券有限责任公司","不知道是啥公司"]
        },
        {
          "money":"19.2",
          "sale":"3123",
          "buy":"20.12",
          "saleCompany":["平安证券有限责任公司","不知道是啥公司"],
          "buyCompany":["平安证券有限责任公司","不知道是啥公司"]
        }
      ]
    },
    {
      "tradingDay":"2018/32/32",
      "data":[
        {
          "money":"19.2",
          "sale":"3123",
          "buy":"20.12",
          "saleCompany":["平安证券有限责任公司","不知道是啥公司"],
          "buyCompany":["平安证券有限责任公司","不知道是啥公司"]
        }
      ]
    }
  ]
}