{
    "allNum":100,
    "lists":[
        {
            "title":"Apple 苹果 iPhone 6s Plus (A1699) 16G 玫瑰金色 移动联通电信4G 全网通手机",
            "pic":"http://d8.yihaodianimg.com/N05/M03/D4/1E/CgQI0lYEBwWAQIvJAAFyostaOYY12501_80x80.jpg",
            "link":"#1",
            "date":"2015-12-01"
        },
        {
            "title":"Letv 乐视1S 乐1S 移动联通双4G 双卡双待 16GB 金",
            "pic":"http://d9.yihaodianimg.com/N07/M00/6B/E6/CgQIz1ZNQWeALuYuAASH8T5MJzY38001_80x80.jpg",
            "link":"#2",
            "date":"2015-12-02"
        },
        {
            "title":"NOKIA/诺基亚 2610 nokia 2610 经典诺基亚直板手机 学生备用老人手机 诺基亚低端功能机",
            "pic":"http://d8.yihaodianimg.com/N08/M0A/6B/E1/ChEi1lZhlgSAEES9AAIPUw3996808600_80x80.jpg",
            "link":"#3",
            "date":"2015-12-03"
        },
        {
            "title":"华为 Mate8 NXT-TL00 3GB+32GB版 移动定制 月光银",
            "pic":"http://d6.yihaodianimg.com/N09/M00/78/AA/ChEi2VZpRZCAeyz-AAP2yE5HMTQ17001_80x80.jpg",
            "link":"#4",
            "date":"2015-12-04"
        },
        {
            "title":"锤子 坚果 32GB 红色 移动联通4G手机 双卡双待",
            "pic":"http://d6.yihaodianimg.com/N07/M01/98/48/CgQI0FY3GNuAeKARAARTi1sTc0E99401_80x80.jpg",
            "link":"#5",
            "date":"2015-12-05"
        },
        {
            "title":"华为荣耀7i ATH-AL00 3G内存增强版 移动联通电信4G 沙滩金 双卡双待",
            "pic":"http://d9.yihaodianimg.com/N05/M0A/B6/5A/CgQI0lX45JWANx7NAANWUytnWfY51201_80x80.jpg",
            "link":"#6",
            "date":"2015-12-06"
        },
        {
            "title":"小米 红米2A 增强版 白色 16G 移动4G手机 官网版 双卡双待",
            "pic":"http://d6.yihaodianimg.com/N08/M08/94/33/ChEi1FX_oHWAWJYUAAL4rKvikTE54401_80x80.jpg",
            "link":"#7",
            "date":"2015-12-07"
        },
        {
            "title":"Samsung 三星 Galaxy Note4 N9108V 移动4G手机 幻影白",
            "pic":"http://d8.yihaodianimg.com/N06/M06/8A/B9/CgQIzVQj87GAZ2-bAAMyoIZt8v863301_80x80.jpg",
            "link":"#8",
            "date":"2015-12-08"
        },
        {
            "title":"HTC Desire 826T 魔幻蓝 移动4G手机 双卡双待",
            "pic":"http://d8.yihaodianimg.com/N06/M04/DC/24/ChEbu1T4HVeASjwEAAGHikpYgyQ10901_80x80.jpg",
            "link":"#9",
            "date":"2015-12-09"
        },
        {
            "title":"华为 荣耀畅玩4X Che2-UL00 联通标配版4G手机 双卡双待双通 白色",
            "pic":"http://d8.yihaodianimg.com/N05/M05/BE/72/ChEbulTYbhyAY_DmAAGmsWjdGgY32601_80x80.jpg",
            "link":"#10",
            "date":"2015-12-10"
        },
        {
            "title":"vivo X6A 全网通4G手机 4GB+64GB 双卡双待 金色",
            "pic":"http://d7.yihaodianimg.com/N05/M0B/89/7D/CgQI01Zb6yGAL2SWAAWXMCmZ7gk97001_80x80.jpg",
            "link":"#11",
            "date":"2015-12-11"
        },
        {
            "title":"金来 X7 5.5英寸大屏 移动联通双4G手机 智能指纹识别 双卡双待土豪金16GB非合约机官方标配",
            "pic":"http://d9.yihaodianimg.com/N10/M09/69/F7/ChEi3FZf6C-AIC74AAOQYliXK7g41100_80x80.jpg",
            "link":"#12",
            "date":"2015-12-12"
        },
        {
            "title":"Haier海尔 M351L 中文超大按键 一键呼救超大音量弧面老人手机黑色0MB非合约机官方标配",
            "pic":"http://d8.yihaodianimg.com/N07/M0A/26/E3/CgQI0FaOLTqAYj5tAAJ-GtDx_Fk90800_80x80.jpg",
            "link":"#13",
            "date":"2015-12-13"
        },
        {
            "title":"Samsung 三星 Galaxy A7(2016) A7100 白色 16G 移动联通电信4G手机 双卡双待",
            "pic":"http://d7.yihaodianimg.com/N06/M05/F8/C4/ChEbu1Zw_n6ALMiLAAILdjwAoqw20801_80x80.jpg",
            "link":"#14",
            "date":"2015-12-14"
        },
        {
            "title":"Haier海尔 M352L 移动/联通2G 翻盖老人机 2.4英寸屏老人手机 长待机老年机金色0MB非合约机官方标配",
            "pic":"http://d8.yihaodianimg.com/N05/M0A/82/F7/CgQI01ZYI-KAMMwzAAFW6ZSR3Tg50500_80x80.jpg",
            "link":"#15",
            "date":"2015-12-15"
        }
    ]
}