{
  "code":0,
  "data":[
    {
      "img":"../../common/img/pic.gif",
      "title":"This is title,click on it,will jump",
      "time":"2017-04-11 15:00-16:00"
    },
    {
      "img":"../../common/img/pic.gif",
      "title":"This is title,click on it,will jump",
      "time":"2017-04-11 15:00-16:00"
    },
    {
      "img":"../../common/img/pic.gif",
      "title":"This is title,click on it,will jump",
      "time":"2017-04-11 15:00-16:00"
    },
    {
      "img":"../../common/img/pic.gif",
      "title":"This is title,click on it,will jump",
      "time":"2017-04-11 15:00-16:00"
    }
  ]
}